"corr.table",NA,NA,NA,NA,NA,NA,NA,NA,NA,NA,NA,NA,NA,NA,NA,NA,NA
"","PC1",NA,NA,NA,NA,NA,NA,NA,NA,NA,NA,NA,NA,NA,NA,NA,NA
"","VT02","VT03","VT04","VT05","VT06","VT07","VT08","VT09","VT10","VT11","VT12","SF1","SF2","SF3","SM1","SM2","SM3"
"VT01","0.944232168461434","0.922620155552292","0.874912732170125","0.936416185736304","0.906084821297931","0.956701437110646","0.905616022139409","0.920372658985642","0.903101233725671","0.95346711705191","0.961950620850915","0.899919475099778","0.78360134581721","0.780180034855951","0.87898411061437","0.786464919275617","0.737710710491401"
"VT02",NA,"0.93100090881522","0.844780941866941","0.904721318018506","0.901335078217264","0.952696565972321","0.873133710448186","0.913214414518225","0.85013009518703","0.881616638758663","0.966040095158338","0.930587893619643","0.73000883644447","0.748487768840833","0.926642875832757","0.778690464027188","0.831931439885451"
"VT03",NA,NA,"0.753096761591311","0.962451550559521","0.919247566197514","0.944567814780338","0.966497570338692","0.90449505645862","0.868913681401824","0.860153567237514","0.945642232624361","0.910135057472288","0.811355302051338","0.799289370369049","0.942178306988298","0.82025854967627","0.897925008472329"
"VT04",NA,NA,NA,"0.80061595031315","0.84088167378818","0.880508379555089","0.731680312190637","0.698555242082789","0.734381195388682","0.877798755175382","0.838334984192211","0.760276704074647","0.604776680122971","0.6213704781553","0.700073213788694","0.583647148784885","0.631542514641264"
"VT05",NA,NA,NA,NA,"0.944462838924165","0.944827028480318","0.981813105617523","0.920742214129071","0.867233118438165","0.92246072216607","0.945734349074309","0.875943487890552","0.810765780580141","0.759764698675458","0.884111245904794","0.754086758717005","0.807345454463839"
"VT06",NA,NA,NA,NA,NA,"0.949389687561216","0.953894378637535","0.871171463755145","0.864221924969607","0.931807493885293","0.950145108315953","0.823655368963573","0.825184198298779","0.661143461457417","0.87413491175025","0.687146696905238","0.753788934017508"
"VT07",NA,NA,NA,NA,NA,NA,"0.929156764173841","0.910376832782206","0.883988169671142","0.912289041230421","0.970473582760671","0.899834930418433","0.831478370030235","0.772718594164885","0.902170909607464","0.795922452108759","0.832244173620983"
"VT08",NA,NA,NA,NA,NA,NA,NA,"0.901304755440885","0.859511794555999","0.887934599761933","0.928504853490928","0.839434028375691","0.848271385829188","0.739380442477766","0.889518210650007","0.75358148844133","0.806395507620242"
"VT09",NA,NA,NA,NA,NA,NA,NA,NA,"0.926511779090458","0.899691068787271","0.952645399506435","0.909203620542068","0.837716698211763","0.752298180608302","0.911554525944105","0.812164265047263","0.745855915070704"
"VT10",NA,NA,NA,NA,NA,NA,NA,NA,NA,"0.915657749106288","0.933754601817119","0.870964564666149","0.875362262579561","0.788419400941285","0.900776040761901","0.836604637861135","0.697185608987586"
"VT11",NA,NA,NA,NA,NA,NA,NA,NA,NA,NA,"0.945131469444639","0.837309366924467","0.779595464664131","0.667573154980655","0.824853414270157","0.679907912457845","0.626213407089164"
"VT12",NA,NA,NA,NA,NA,NA,NA,NA,NA,NA,NA,"0.897372571000016","0.800373973897841","0.729158220453446","0.918735752282852","0.767332563473694","0.778108229006015"
"SF1",NA,NA,NA,NA,NA,NA,NA,NA,NA,NA,NA,NA,"0.831944905373382","0.884804968792448","0.96409970662453","0.920883141077285","0.889220339934475"
"SF2",NA,NA,NA,NA,NA,NA,NA,NA,NA,NA,NA,NA,NA,"0.832075824987154","0.876329877155434","0.902538223574017","0.74846814348186"
"SF3",NA,NA,NA,NA,NA,NA,NA,NA,NA,NA,NA,NA,NA,NA,"0.865252400366388","0.968127646429196","0.836548822247162"
"SM1",NA,NA,NA,NA,NA,NA,NA,NA,NA,NA,NA,NA,NA,NA,NA,"0.918162398580067","0.901183595624115"
"SM2",NA,NA,NA,NA,NA,NA,NA,NA,NA,NA,NA,NA,NA,NA,NA,NA,"0.868505804679628"
"","PC1 absolute values",NA,NA,NA,NA,NA,NA,NA,NA,NA,NA,NA,NA,NA,NA,NA,NA
"","VT02","VT03","VT04","VT05","VT06","VT07","VT08","VT09","VT10","VT11","VT12","SF1","SF2","SF3","SM1","SM2","SM3"
"VT01","0.944232168461434","0.922620155552292","0.874912732170125","0.936416185736304","0.906084821297931","0.956701437110646","0.905616022139409","0.920372658985642","0.903101233725671","0.95346711705191","0.961950620850915","0.899919475099778","0.78360134581721","0.780180034855951","0.87898411061437","0.786464919275617","0.737710710491401"
"VT02",NA,"0.93100090881522","0.844780941866941","0.904721318018506","0.901335078217264","0.952696565972321","0.873133710448186","0.913214414518225","0.85013009518703","0.881616638758663","0.966040095158338","0.930587893619643","0.73000883644447","0.748487768840833","0.926642875832757","0.778690464027188","0.831931439885451"
"VT03",NA,NA,"0.753096761591311","0.962451550559521","0.919247566197514","0.944567814780338","0.966497570338692","0.90449505645862","0.868913681401824","0.860153567237514","0.945642232624361","0.910135057472288","0.811355302051338","0.799289370369049","0.942178306988298","0.82025854967627","0.897925008472329"
"VT04",NA,NA,NA,"0.80061595031315","0.84088167378818","0.880508379555089","0.731680312190637","0.698555242082789","0.734381195388682","0.877798755175382","0.838334984192211","0.760276704074647","0.604776680122971","0.6213704781553","0.700073213788694","0.583647148784885","0.631542514641264"
"VT05",NA,NA,NA,NA,"0.944462838924165","0.944827028480318","0.981813105617523","0.920742214129071","0.867233118438165","0.92246072216607","0.945734349074309","0.875943487890552","0.810765780580141","0.759764698675458","0.884111245904794","0.754086758717005","0.807345454463839"
"VT06",NA,NA,NA,NA,NA,"0.949389687561216","0.953894378637535","0.871171463755145","0.864221924969607","0.931807493885293","0.950145108315953","0.823655368963573","0.825184198298779","0.661143461457417","0.87413491175025","0.687146696905238","0.753788934017508"
"VT07",NA,NA,NA,NA,NA,NA,"0.929156764173841","0.910376832782206","0.883988169671142","0.912289041230421","0.970473582760671","0.899834930418433","0.831478370030235","0.772718594164885","0.902170909607464","0.795922452108759","0.832244173620983"
"VT08",NA,NA,NA,NA,NA,NA,NA,"0.901304755440885","0.859511794555999","0.887934599761933","0.928504853490928","0.839434028375691","0.848271385829188","0.739380442477766","0.889518210650007","0.75358148844133","0.806395507620242"
"VT09",NA,NA,NA,NA,NA,NA,NA,NA,"0.926511779090458","0.899691068787271","0.952645399506435","0.909203620542068","0.837716698211763","0.752298180608302","0.911554525944105","0.812164265047263","0.745855915070704"
"VT10",NA,NA,NA,NA,NA,NA,NA,NA,NA,"0.915657749106288","0.933754601817119","0.870964564666149","0.875362262579561","0.788419400941285","0.900776040761901","0.836604637861135","0.697185608987586"
"VT11",NA,NA,NA,NA,NA,NA,NA,NA,NA,NA,"0.945131469444639","0.837309366924467","0.779595464664131","0.667573154980655","0.824853414270157","0.679907912457845","0.626213407089164"
"VT12",NA,NA,NA,NA,NA,NA,NA,NA,NA,NA,NA,"0.897372571000016","0.800373973897841","0.729158220453446","0.918735752282852","0.767332563473694","0.778108229006015"
"SF1",NA,NA,NA,NA,NA,NA,NA,NA,NA,NA,NA,NA,"0.831944905373382","0.884804968792448","0.96409970662453","0.920883141077285","0.889220339934475"
"SF2",NA,NA,NA,NA,NA,NA,NA,NA,NA,NA,NA,NA,NA,"0.832075824987154","0.876329877155434","0.902538223574017","0.74846814348186"
"SF3",NA,NA,NA,NA,NA,NA,NA,NA,NA,NA,NA,NA,NA,NA,"0.865252400366388","0.968127646429196","0.836548822247162"
"SM1",NA,NA,NA,NA,NA,NA,NA,NA,NA,NA,NA,NA,NA,NA,NA,"0.918162398580067","0.901183595624115"
"SM2",NA,NA,NA,NA,NA,NA,NA,NA,NA,NA,NA,NA,NA,NA,NA,NA,"0.868505804679628"
"","PC1 p-values",NA,NA,NA,NA,NA,NA,NA,NA,NA,NA,NA,NA,NA,NA,NA,NA
"","VT02","VT03","VT04","VT05","VT06","VT07","VT08","VT09","VT10","VT11","VT12","SF1","SF2","SF3","SM1","SM2","SM3"
"VT01","1.23338048430937e-05","5.2169213594161e-05","0.000421909768906558","2.20018337494941e-05","0.000121696730031765","4.02161658000122e-06","0.00012436781334794","5.91465249231711e-05","0.000139468570220181","5.53534018231065e-06","2.26541891315887e-06","0.00016053269518993","0.00432297139048282","0.00461450202915023","0.000365766963862286","0.00696634489881177","0.00955752348739514"
"VT02",NA,"3.1531287859347e-05","0.00106474890434011","0.000129589515588631","0.000150881844492754","5.95324582942579e-06","0.00044839222179494","8.62124193551083e-05","0.000916717180119801","0.000332609722335678","1.36619014570816e-06","3.23699046901096e-05","0.0107546303294054","0.00804918708783809","4.12717655158097e-05","0.00795664270450855","0.00149342587063365"
"VT03",NA,NA,"0.00746041363226973","2.13581888788784e-06","6.28967777008261e-05","1.20091507473065e-05","1.28615564374575e-06","0.000130936126763093","0.000516240263379608","0.000681614728337227","1.10139379133321e-05","0.000100399607860158","0.00243329376386904","0.00315700015938767","1.44701814145812e-05","0.003653319014498","0.000174919726638786"
"VT04",NA,NA,NA,"0.00307047570305719","0.00118347896870969","0.000346277621405668","0.0104860711773162","0.0167918453471212","0.0100624538472444","0.00038148900650175","0.00126621671082799","0.00660684107340196","0.0487073727191073","0.0412845484586399","0.0164548368198127","0.076501451048936","0.0371443534975889"
"VT05",NA,NA,NA,NA,"1.2109973234049e-05","1.17629586161653e-05","8.4135672967927e-08","5.79528494862626e-05","0.000545316597486207","5.26422872014092e-05","1.09316675842699e-05","0.00040711840113505","0.00246546127846915","0.00666521480985316","0.000303343465159511","0.0117448708110159","0.00265838327011406"
"VT06",NA,NA,NA,NA,NA,"8.03004155691397e-06","5.31358107904908e-06","0.000479041633812146","0.000600492313813156","2.99416822753131e-05","7.51287088640638e-06","0.00183074248978912","0.0017645221855827","0.0267528225324547","0.000433338268569362","0.0281368457892452","0.0073747947814538"
"VT07",NA,NA,NA,NA,NA,NA,"3.54088526687953e-05","9.92253178504474e-05","0.000304739740632157","9.03032228002359e-05","7.32656498306629e-07","0.000161123594125206","0.00151058251948055","0.00530032597688852","0.000145395190468356","0.00588358468638755","0.00148166885734645"
"VT08",NA,NA,NA,NA,NA,NA,NA,"0.000151083814783066","0.000695130105155307","0.000262333360457679","3.68635533845138e-05","0.00122999541547486","0.000966272888913309","0.00931136775167223","0.000246641966938958","0.0118338157384105","0.00271390192890859"
"VT09",NA,NA,NA,NA,NA,NA,NA,NA,"4.15966826523548e-05","0.000162132878410454","5.98183197492046e-06","0.000105023065855365","0.00128694215822294","0.00756009554321945","9.36545568306502e-05","0.00431208349583876","0.00840022828525795"
"VT10",NA,NA,NA,NA,NA,NA,NA,NA,NA,"7.60901343777063e-05","2.63574798944952e-05","0.000482363306377475","0.00041540980655473","0.00393578797795278","0.00015463865257575","0.00254764752619359","0.0171001430328421"
"VT11",NA,NA,NA,NA,NA,NA,NA,NA,NA,NA,"1.14787908539644e-05","0.00130073462476321","0.00466572778302071","0.0248022166404167","0.00177869553572568","0.0305318689263778","0.0392754767793878"
"VT12",NA,NA,NA,NA,NA,NA,NA,NA,NA,NA,NA,"0.000179072994849722","0.00308612538341815","0.0108931999087765","6.46617975985878e-05","0.00957682590112722","0.00479794482977039"
"SF1",NA,NA,NA,NA,NA,NA,NA,NA,NA,NA,NA,NA,"0.00149291820966756","0.000295563929124729","1.74936528515179e-06","0.000155673169781102","0.00024953747608702"
"SF2",NA,NA,NA,NA,NA,NA,NA,NA,NA,NA,NA,NA,NA,"0.00148798915903054","0.0004016762136161","0.000350425599960853","0.00805176439635982"
"SF3",NA,NA,NA,NA,NA,NA,NA,NA,NA,NA,NA,NA,NA,NA,"0.000581156900318065","4.34436674798325e-06","0.00132678358894622"
"SM1",NA,NA,NA,NA,NA,NA,NA,NA,NA,NA,NA,NA,NA,NA,NA,"0.000177618547413581","0.000151892879040217"
"SM2",NA,NA,NA,NA,NA,NA,NA,NA,NA,NA,NA,NA,NA,NA,NA,NA,"0.00111269381454086"
"","PC2",NA,NA,NA,NA,NA,NA,NA,NA,NA,NA,NA,NA,NA,NA,NA,NA
"","VT02","VT03","VT04","VT05","VT06","VT07","VT08","VT09","VT10","VT11","VT12","SF1","SF2","SF3","SM1","SM2","SM3"
"VT01","-0.810786494896633","0.787915458077792","-0.170387040023599","-0.813244693644308","0.799255734723214","-0.0486812608514645","0.707529604363323","0.792675532952967","0.697120871348709","-0.831226779046611","-0.729971327458267","0.512674556101745","-0.413854160693588","0.635591807323867","-0.703892560746598","0.582518855665941","-0.607534138465925"
"VT02",NA,"-0.928529990210464","0.528846285868045","0.903950035727873","-0.672350405129874","0.336030631575621","-0.86915625247655","-0.785769660838606","-0.907769800479715","0.907986684614877","0.942106595293283","-0.463214484930368","0.396375812593076","-0.503430569008211","0.802018940910372","-0.685912816011574","0.560702068399838"
"VT03",NA,NA,"-0.560645382680569","-0.941403833464413","0.638534354347968","-0.325611426836452","0.926700798971149","0.826554480435821","0.969082378339595","-0.884425648619413","-0.920452328327006","0.627450203632241","-0.429628198036213","0.675975976836099","-0.819120288178854","-0.695702581909467","-0.649298882452102"
"VT04",NA,NA,NA,"0.597819705654919","0.114899750665641","0.78166678372905","-0.554758499100331","-0.357079652238268","-0.610230832947128","0.634951215313886","0.650004013989683","-0.00732349911731477","0.368496643072866","-0.141363563725985","0.507614558856388","-0.168241621819992","0.179133768717315"
"VT05",NA,NA,NA,NA,"-0.586613550918156","0.422876790566369","-0.937186034482883","-0.788823921264296","-0.89238174915925","0.920531793676713","0.940612942937182","-0.528322711788564","0.621929547803523","-0.696789022429475","0.902187862743047","0.702545797210924","0.651933058124885"
"VT06",NA,NA,NA,NA,NA,"0.283966706663129","0.465030681868128","0.732329962349607","0.520478630580153","-0.579400752428558","-0.55203363359222","0.674759744905468","0.0429642167554868","0.474046416313433","-0.496131776542516","-0.681680712199972","-0.420782032018662"
"VT07",NA,NA,NA,NA,NA,NA,"-0.419646834082462","-0.0768366756689709","-0.300280512674714","0.392600260545503","0.406148617649865","0.0723027437233797","0.507167996723491","-0.105855373579738","0.513620846031309","-0.267515507958664","0.405164316488094"
"VT08",NA,NA,NA,NA,NA,NA,NA,"0.642889194038133","0.915218990739441","-0.844439681267486","-0.876099409292402","0.433845126066302","-0.637634423852771","0.633171587101439","-0.81348990250834","0.691317410443865","-0.619383740518447"
"VT09",NA,NA,NA,NA,NA,NA,NA,NA,"0.799556236366914","-0.782952855244383","-0.774994554737982","0.739227972348222","-0.251920685268127","0.743843782393443","-0.710060690811395","0.671425510530715","-0.612024842618459"
"VT10",NA,NA,NA,NA,NA,NA,NA,NA,NA,"-0.85757631939756","-0.908350553063203","0.528556682952338","-0.424272956084271","0.61724510763162","-0.738731271395099","0.63394811226857","-0.543686052106077"
"VT11",NA,NA,NA,NA,NA,NA,NA,NA,NA,NA,"0.885689692588844","-0.325042306631871","0.420012494906718","-0.476101567909967","0.741123489281989","-0.513768800303359","0.45242268414515"
"VT12",NA,NA,NA,NA,NA,NA,NA,NA,NA,NA,NA,"-0.491295277199935","0.508570546818765","-0.592523069938858","0.889574106865445","-0.680223582029717","0.561563375523538"
"SF1",NA,NA,NA,NA,NA,NA,NA,NA,NA,NA,NA,NA,"-0.134688045703554","0.824630877460169","-0.619858572009226","0.776931981507403","-0.742531742162413"
"SF2",NA,NA,NA,NA,NA,NA,NA,NA,NA,NA,NA,NA,NA,"-0.605424377025881","0.680382770582129","-0.661205934923937","0.597231379870455"
"SF3",NA,NA,NA,NA,NA,NA,NA,NA,NA,NA,NA,NA,NA,NA,"-0.772027810303657","0.781530019588438","-0.851010902857675"
"SM1",NA,NA,NA,NA,NA,NA,NA,NA,NA,NA,NA,NA,NA,NA,NA,"-0.874409097977508","0.819867219318095"
"SM2",NA,NA,NA,NA,NA,NA,NA,NA,NA,NA,NA,NA,NA,NA,NA,NA,"0.895042080164048"
"","PC2 absolute values",NA,NA,NA,NA,NA,NA,NA,NA,NA,NA,NA,NA,NA,NA,NA,NA
"","VT02","VT03","VT04","VT05","VT06","VT07","VT08","VT09","VT10","VT11","VT12","SF1","SF2","SF3","SM1","SM2","SM3"
"VT01","0.810786494896633","0.787915458077792","0.170387040023599","0.813244693644308","0.799255734723214","0.0486812608514645","0.707529604363323","0.792675532952967","0.697120871348709","0.831226779046611","0.729971327458267","0.512674556101745","0.413854160693588","0.635591807323867","0.703892560746598","0.582518855665941","0.607534138465925"
"VT02",NA,"0.928529990210464","0.528846285868045","0.903950035727873","0.672350405129874","0.336030631575621","0.86915625247655","0.785769660838606","0.907769800479715","0.907986684614877","0.942106595293283","0.463214484930368","0.396375812593076","0.503430569008211","0.802018940910372","0.685912816011574","0.560702068399838"
"VT03",NA,NA,"0.560645382680569","0.941403833464413","0.638534354347968","0.325611426836452","0.926700798971149","0.826554480435821","0.969082378339595","0.884425648619413","0.920452328327006","0.627450203632241","0.429628198036213","0.675975976836099","0.819120288178854","0.695702581909467","0.649298882452102"
"VT04",NA,NA,NA,"0.597819705654919","0.114899750665641","0.78166678372905","0.554758499100331","0.357079652238268","0.610230832947128","0.634951215313886","0.650004013989683","0.00732349911731477","0.368496643072866","0.141363563725985","0.507614558856388","0.168241621819992","0.179133768717315"
"VT05",NA,NA,NA,NA,"0.586613550918156","0.422876790566369","0.937186034482883","0.788823921264296","0.89238174915925","0.920531793676713","0.940612942937182","0.528322711788564","0.621929547803523","0.696789022429475","0.902187862743047","0.702545797210924","0.651933058124885"
"VT06",NA,NA,NA,NA,NA,"0.283966706663129","0.465030681868128","0.732329962349607","0.520478630580153","0.579400752428558","0.55203363359222","0.674759744905468","0.0429642167554868","0.474046416313433","0.496131776542516","0.681680712199972","0.420782032018662"
"VT07",NA,NA,NA,NA,NA,NA,"0.419646834082462","0.0768366756689709","0.300280512674714","0.392600260545503","0.406148617649865","0.0723027437233797","0.507167996723491","0.105855373579738","0.513620846031309","0.267515507958664","0.405164316488094"
"VT08",NA,NA,NA,NA,NA,NA,NA,"0.642889194038133","0.915218990739441","0.844439681267486","0.876099409292402","0.433845126066302","0.637634423852771","0.633171587101439","0.81348990250834","0.691317410443865","0.619383740518447"
"VT09",NA,NA,NA,NA,NA,NA,NA,NA,"0.799556236366914","0.782952855244383","0.774994554737982","0.739227972348222","0.251920685268127","0.743843782393443","0.710060690811395","0.671425510530715","0.612024842618459"
"VT10",NA,NA,NA,NA,NA,NA,NA,NA,NA,"0.85757631939756","0.908350553063203","0.528556682952338","0.424272956084271","0.61724510763162","0.738731271395099","0.63394811226857","0.543686052106077"
"VT11",NA,NA,NA,NA,NA,NA,NA,NA,NA,NA,"0.885689692588844","0.325042306631871","0.420012494906718","0.476101567909967","0.741123489281989","0.513768800303359","0.45242268414515"
"VT12",NA,NA,NA,NA,NA,NA,NA,NA,NA,NA,NA,"0.491295277199935","0.508570546818765","0.592523069938858","0.889574106865445","0.680223582029717","0.561563375523538"
"SF1",NA,NA,NA,NA,NA,NA,NA,NA,NA,NA,NA,NA,"0.134688045703554","0.824630877460169","0.619858572009226","0.776931981507403","0.742531742162413"
"SF2",NA,NA,NA,NA,NA,NA,NA,NA,NA,NA,NA,NA,NA,"0.605424377025881","0.680382770582129","0.661205934923937","0.597231379870455"
"SF3",NA,NA,NA,NA,NA,NA,NA,NA,NA,NA,NA,NA,NA,NA,"0.772027810303657","0.781530019588438","0.851010902857675"
"SM1",NA,NA,NA,NA,NA,NA,NA,NA,NA,NA,NA,NA,NA,NA,NA,"0.874409097977508","0.819867219318095"
"SM2",NA,NA,NA,NA,NA,NA,NA,NA,NA,NA,NA,NA,NA,NA,NA,NA,"0.895042080164048"
"","PC2 p-values",NA,NA,NA,NA,NA,NA,NA,NA,NA,NA,NA,NA,NA,NA,NA,NA
"","VT02","VT03","VT04","VT05","VT06","VT07","VT08","VT09","VT10","VT11","VT12","SF1","SF2","SF3","SM1","SM2","SM3"
"VT01","0.0024643256533608","0.00397503504131396","0.616450012423765","0.00233230201892836","0.00315921725708774","0.886972639526901","0.0148695345302044","0.00361565376525269","0.0171148148149854","0.00152017317434564","0.0107607136265768","0.1068425420174","0.205751220728465","0.0355798763742869","0.015628394428827","0.0772110779751506","0.0474148818560618"
"VT02",NA,"3.68066269641617e-05","0.0943984042853144","0.000134223681221304","0.0234197208094018","0.312333828141519","0.000512142317280418","0.00414539808556616","0.000112455943998006","0.000111306611626037","1.45495879322898e-05","0.151322916308256","0.227479669100158","0.114412009102941","0.00298089647267035","0.0285356806317819","0.0727595255508772"
"VT03",NA,NA,"0.0727947499220237","1.53456220956476e-05","0.0344722637723057","0.328502243422857","4.11288270376311e-05","0.00170670637446179","8.99506694857993e-07","0.000299798677276197","5.88876133960614e-05","0.0387734966912671","0.187247124601389","0.0224076731243544","0.00203812841611085","0.025475537073984","0.0306255401400655"
"VT04",NA,NA,NA,"0.0520754458048809","0.736568983678326","0.00448608908177065","0.076515353393918","0.281019038645079","0.046173894943397","0.0358242544416958","0.0303845960413849","0.982950426983945","0.264798630739302","0.678435112939863","0.110944377752038","0.642212866385995","0.598181127746503"
"VT05",NA,NA,NA,NA,"0.057830258137066","0.195038738820613","2.08517499359772e-05","0.00390449195345362","0.000220090577919266","5.86302299984796e-05","1.62810845183465e-05","0.0947855966787175","0.0410490619186757","0.0171901649172568","0.000145285502604482","0.0234753365265553","0.0297322497223715"
"VT06",NA,NA,NA,NA,NA,"0.397409189470817","0.14951392984677","0.0103830166907685","0.100711643003912","0.0617547348684441","0.0782797059217667","0.0227436392387829","0.900185428099344","0.14073482026137","0.120626947111741","0.0299329543599149","0.197495247410183"
"VT07",NA,NA,NA,NA,NA,NA,"0.198834209502718","0.822334861955499","0.369613791760415","0.232342438389272","0.21517168368646","0.832686726165204","0.11131119715531","0.756741416844275","0.106086542873114","0.454921110906015","0.216393085671691"
"VT08",NA,NA,NA,NA,NA,NA,NA,"0.0328776048230204","7.78371490624289e-05","0.00107476625056624","0.000404915610437327","0.18247772859168","0.0348084144536234","0.0365093024179006","0.00231942795262431","0.0268169354148022","0.0421289597199274"
"VT09",NA,NA,NA,NA,NA,NA,NA,NA,"0.00313945056002672","0.00437715393473561","0.00508367732279397","0.00933365160769561","0.454882447371306","0.00867604672921021","0.014357327232715","0.033510648269516","0.0453608264828684"
"VT10",NA,NA,NA,NA,NA,NA,NA,NA,NA,"0.000737116864140372","0.000109398533586842","0.0946124421695336","0.193411728732831","0.0430512137033065","0.00940651486166808","0.0490336433066672","0.0838530216624764"
"VT11",NA,NA,NA,NA,NA,NA,NA,NA,NA,NA,"0.00028586337465748","0.329397986575038","0.19840232098217","0.13878022039377","0.00905936179025764","0.128755491271459","0.162353295266832"
"VT12",NA,NA,NA,NA,NA,NA,NA,NA,NA,NA,NA,"0.124862189892185","0.110161733387137","0.054744188297965","0.000246101475723948","0.0304246326113648","0.0722257165862387"
"SF1",NA,NA,NA,NA,NA,NA,NA,NA,NA,NA,NA,NA,"0.692965063481486","0.0017882785154795","0.0419260672436918","0.00819373299099093","0.00885941800643883"
"SF2",NA,NA,NA,NA,NA,NA,NA,NA,NA,NA,NA,NA,NA,"0.0484016309370156","0.0212198753617549","0.0373539525515573","0.0523673844052711"
"SF3",NA,NA,NA,NA,NA,NA,NA,NA,NA,NA,NA,NA,NA,NA,"0.00536740553022651","0.00758410879802821","0.000893913530357469"
"SM1",NA,NA,NA,NA,NA,NA,NA,NA,NA,NA,NA,NA,NA,NA,NA,"0.000932845712315213","0.00200282193686917"
"SM2",NA,NA,NA,NA,NA,NA,NA,NA,NA,NA,NA,NA,NA,NA,NA,NA,"0.000466941962728197"
"","PC3",NA,NA,NA,NA,NA,NA,NA,NA,NA,NA,NA,NA,NA,NA,NA,NA
"","VT02","VT03","VT04","VT05","VT06","VT07","VT08","VT09","VT10","VT11","VT12","SF1","SF2","SF3","SM1","SM2","SM3"
"VT01","-0.240153418276865","-0.213114804297794","0.251132714540056","-0.21006425279914","0.244698400981715","0.287279422248512","-0.357836034095441","-0.154104492120033","0.242564221637531","-0.0978232527615564","-0.350728573756753","0.164706655837874","0.681189574345507","0.00539548807687664","-0.658571102959488","-0.0599716554682781","-0.448726168547821"
"VT02",NA,"-0.140107755295955","-0.311453800760427","-0.258553132078598","-0.0585178311483727","0.0239682791422782","0.035300068080071","0.325471397486553","0.584005003553392","0.17152544750098","0.478166854796505","-0.311971914838682","0.213601569091972","-0.42717844541765","0.686244638009056","-0.0170477657820391","0.264151049303999"
"VT03",NA,NA,"-0.324225443136011","-0.108237397653427","-0.130176644534889","-0.202891724843101","-0.2008378295726","0.351244201909955","-0.496415488683589","0.127033166038516","-0.359753428854162","0.119677393082883","-0.465969923324656","0.314859599078672","-0.230624846513564","0.531550394426973","-0.248521883104903"
"VT04",NA,NA,NA,"0.278636342178248","0.31727044905701","-0.414496524896323","-0.0930298331235036","-0.535380257977766","-0.299187455251414","0.29105168734022","0.208149597289747","0.693029851226913","0.52659622824919","0.386172085861779","-0.269529074260889","0.383624853172458","-0.308905889162378"
"VT05",NA,NA,NA,NA,"-0.479010707428931","-0.324977307972748","0.0852862302114371","-0.647233779107409","-0.550697398357809","0.364235489775234","0.290981677110671","-0.226864214436754","0.0122552320470257","-0.295578190011637","0.108233586645697","0.20913966958499","0.538697207058211"
"VT06",NA,NA,NA,NA,NA,"-0.329963051051389","0.00311215734985104","0.376576490024821","0.155323485219096","-0.422441849495641","-0.292824789756111","0.707865017579492","0.196778003604457","0.619571768964157","-0.140834994997133","-0.0244998502330377","-0.653431025498894"
"VT07",NA,NA,NA,NA,NA,NA,"0.176181478462539","-0.0127282285280136","0.470195629789992","-0.497372236611239","-0.188153115013617","-0.533182272637912","0.0194296336516523","-0.285288040798086","-0.23004402938805","-0.23489751857403","0.120310036313465"
"VT08",NA,NA,NA,NA,NA,NA,NA,"0.30393107602996","0.286755614632373","-0.525670468217699","-0.359444942523019","0.0289962413212437","-0.10385131228689","-0.207646873351796","0.160021045784017","0.118477196087441","0.237974635705613"
"VT09",NA,NA,NA,NA,NA,NA,NA,NA,"0.482805840782959","-0.384796350420597","-0.47170954498486","0.107773370557497","-0.302340120465717","-0.0287211157096684","0.235097419884521","0.0987570800852736","-0.153301508802854"
"VT10",NA,NA,NA,NA,NA,NA,NA,NA,NA,"-0.342660116725551","-0.039370628798884","-0.242431754631963","0.343879741401868","-0.503049471712204","0.296638691109572","-0.395128204683367","0.0860619863900712"
"VT11",NA,NA,NA,NA,NA,NA,NA,NA,NA,NA,"0.596581291667455","0.00362819493611782","0.128395815655058","-0.198381726333261","0.227505672182171","0.198718286720818","0.237528729459709"
"VT12",NA,NA,NA,NA,NA,NA,NA,NA,NA,NA,NA,"-0.295906329327579","0.0512074042780631","-0.226306305191715","0.647336362693403","0.042541383530071","0.485126840413746"
"SF1",NA,NA,NA,NA,NA,NA,NA,NA,NA,NA,NA,NA,"0.250684499273829","0.726005321668772","-0.384853860668971","0.612529192129566","-0.71954275146858"
"SF2",NA,NA,NA,NA,NA,NA,NA,NA,NA,NA,NA,NA,NA,"-0.133190888602244","-0.294358322479653","0.0637537742012771","-0.326713143194702"
"SF3",NA,NA,NA,NA,NA,NA,NA,NA,NA,NA,NA,NA,NA,NA,"-0.461454897377875","0.622581026307498","-0.753585929847392"
"SM1",NA,NA,NA,NA,NA,NA,NA,NA,NA,NA,NA,NA,NA,NA,NA,"-0.239559713423607","0.68687653512617"
"SM2",NA,NA,NA,NA,NA,NA,NA,NA,NA,NA,NA,NA,NA,NA,NA,NA,"0.523446245150756"
"","PC3 absolute values",NA,NA,NA,NA,NA,NA,NA,NA,NA,NA,NA,NA,NA,NA,NA,NA
"","VT02","VT03","VT04","VT05","VT06","VT07","VT08","VT09","VT10","VT11","VT12","SF1","SF2","SF3","SM1","SM2","SM3"
"VT01","0.240153418276865","0.213114804297794","0.251132714540056","0.21006425279914","0.244698400981715","0.287279422248512","0.357836034095441","0.154104492120033","0.242564221637531","0.0978232527615564","0.350728573756753","0.164706655837874","0.681189574345507","0.00539548807687664","0.658571102959488","0.0599716554682781","0.448726168547821"
"VT02",NA,"0.140107755295955","0.311453800760427","0.258553132078598","0.0585178311483727","0.0239682791422782","0.035300068080071","0.325471397486553","0.584005003553392","0.17152544750098","0.478166854796505","0.311971914838682","0.213601569091972","0.42717844541765","0.686244638009056","0.0170477657820391","0.264151049303999"
"VT03",NA,NA,"0.324225443136011","0.108237397653427","0.130176644534889","0.202891724843101","0.2008378295726","0.351244201909955","0.496415488683589","0.127033166038516","0.359753428854162","0.119677393082883","0.465969923324656","0.314859599078672","0.230624846513564","0.531550394426973","0.248521883104903"
"VT04",NA,NA,NA,"0.278636342178248","0.31727044905701","0.414496524896323","0.0930298331235036","0.535380257977766","0.299187455251414","0.29105168734022","0.208149597289747","0.693029851226913","0.52659622824919","0.386172085861779","0.269529074260889","0.383624853172458","0.308905889162378"
"VT05",NA,NA,NA,NA,"0.479010707428931","0.324977307972748","0.0852862302114371","0.647233779107409","0.550697398357809","0.364235489775234","0.290981677110671","0.226864214436754","0.0122552320470257","0.295578190011637","0.108233586645697","0.20913966958499","0.538697207058211"
"VT06",NA,NA,NA,NA,NA,"0.329963051051389","0.00311215734985104","0.376576490024821","0.155323485219096","0.422441849495641","0.292824789756111","0.707865017579492","0.196778003604457","0.619571768964157","0.140834994997133","0.0244998502330377","0.653431025498894"
"VT07",NA,NA,NA,NA,NA,NA,"0.176181478462539","0.0127282285280136","0.470195629789992","0.497372236611239","0.188153115013617","0.533182272637912","0.0194296336516523","0.285288040798086","0.23004402938805","0.23489751857403","0.120310036313465"
"VT08",NA,NA,NA,NA,NA,NA,NA,"0.30393107602996","0.286755614632373","0.525670468217699","0.359444942523019","0.0289962413212437","0.10385131228689","0.207646873351796","0.160021045784017","0.118477196087441","0.237974635705613"
"VT09",NA,NA,NA,NA,NA,NA,NA,NA,"0.482805840782959","0.384796350420597","0.47170954498486","0.107773370557497","0.302340120465717","0.0287211157096684","0.235097419884521","0.0987570800852736","0.153301508802854"
"VT10",NA,NA,NA,NA,NA,NA,NA,NA,NA,"0.342660116725551","0.039370628798884","0.242431754631963","0.343879741401868","0.503049471712204","0.296638691109572","0.395128204683367","0.0860619863900712"
"VT11",NA,NA,NA,NA,NA,NA,NA,NA,NA,NA,"0.596581291667455","0.00362819493611782","0.128395815655058","0.198381726333261","0.227505672182171","0.198718286720818","0.237528729459709"
"VT12",NA,NA,NA,NA,NA,NA,NA,NA,NA,NA,NA,"0.295906329327579","0.0512074042780631","0.226306305191715","0.647336362693403","0.042541383530071","0.485126840413746"
"SF1",NA,NA,NA,NA,NA,NA,NA,NA,NA,NA,NA,NA,"0.250684499273829","0.726005321668772","0.384853860668971","0.612529192129566","0.71954275146858"
"SF2",NA,NA,NA,NA,NA,NA,NA,NA,NA,NA,NA,NA,NA,"0.133190888602244","0.294358322479653","0.0637537742012771","0.326713143194702"
"SF3",NA,NA,NA,NA,NA,NA,NA,NA,NA,NA,NA,NA,NA,NA,"0.461454897377875","0.622581026307498","0.753585929847392"
"SM1",NA,NA,NA,NA,NA,NA,NA,NA,NA,NA,NA,NA,NA,NA,NA,"0.239559713423607","0.68687653512617"
"SM2",NA,NA,NA,NA,NA,NA,NA,NA,NA,NA,NA,NA,NA,NA,NA,NA,"0.523446245150756"
"","PC3 p-values",NA,NA,NA,NA,NA,NA,NA,NA,NA,NA,NA,NA,NA,NA,NA,NA
"","VT02","VT03","VT04","VT05","VT06","VT07","VT08","VT09","VT10","VT11","VT12","SF1","SF2","SF3","SM1","SM2","SM3"
"VT01","0.476899965510989","0.529234149982135","0.456341898606422","0.535284452596043","0.468339704332917","0.391683218570892","0.279927696186165","0.650977557391558","0.472350593909523","0.77477149150176","0.290275925641954","0.628420602866022","0.0210073699270867","0.987438600284799","0.027562700383807","0.86928281702021","0.166242728222068"
"VT02",NA,"0.681161180299692","0.351168302566678","0.44268425709711","0.864301130106652","0.944234210483703","0.917933416252955","0.328722516379958","0.0592293847032604","0.614060919386198","0.136833343865145","0.350324818395559","0.528271380387926","0.190052146857119","0.0197102618164499","0.962718848495097","0.43250996651646"
"VT03",NA,NA,"0.330685923087412","0.751414829877538","0.702837759545044","0.549621619469814","0.553755540739718","0.289518176619977","0.120381408410902","0.709741445569874","0.277171807182328","0.725972120339079","0.148583751613123","0.345643077139681","0.495071688327094","0.113819447226631","0.461192992555134"
"VT04",NA,NA,NA,"0.406708911309449","0.341759656499683","0.204977201840555","0.785579845166784","0.0896536111527783","0.371444319353315","0.385213383128545","0.539096436028856","0.0180604074550259","0.0960697463159155","0.240759736059247","0.422841352331998","0.273797940091068","0.355331622212957"
"VT05",NA,NA,NA,NA,"0.136042872872323","0.329500371116607","0.803111646210696","0.0313389037286907","0.0791547483336764","0.270789196537155","0.385332966583476","0.502325913249123","0.971472251912671","0.377521387247075","0.751423344192499","0.561997765279891","0.0873063251545919"
"VT06",NA,NA,NA,NA,NA,"0.321696184351634","0.992754327712951","0.253647561163185","0.648370224355483","0.195547270747954","0.38219099130729","0.0148009138052145","0.561963394681994","0.0420485352418868","0.679582093019976","0.946438735089829","0.0292325217493265"
"VT07",NA,NA,NA,NA,NA,NA,"0.604324844168224","0.970371618429995","0.144443720269994","0.119555756752558","0.579558496458088","0.0912317605437003","0.954783660983423","0.395120337095199","0.496189065390981","0.513587362614191","0.724572095876437"
"VT08",NA,NA,NA,NA,NA,NA,NA,"0.363533750342765","0.39258586038381","0.0967629978082543","0.277614169036375","0.932556855830924","0.761230198295746","0.540099182712492","0.638355811574589","0.744438510522905","0.481028367905751"
"VT09",NA,NA,NA,NA,NA,NA,NA,NA,"0.132523597769593","0.242583749868209","0.142978340481426","0.752451712811247","0.366177148200164","0.933195540681912","0.486504543099417","0.786063529572456","0.652696998788546"
"VT10",NA,NA,NA,NA,NA,NA,NA,NA,NA,"0.302275301494783","0.908502499601491","0.472600057956024","0.300444362546525","0.114731287980226","0.375730583778753","0.258432394758907","0.801351499113691"
"VT11",NA,NA,NA,NA,NA,NA,NA,NA,NA,NA,"0.0526912713451936","0.991552931980366","0.706746365802619","0.558715341553954","0.501085290795305","0.582066560188804","0.481875245385791"
"VT12",NA,NA,NA,NA,NA,NA,NA,NA,NA,NA,NA,"0.376966817478273","0.881142447003145","0.503406031309301","0.0313031950280951","0.907108956553315","0.130400085015463"
"SF1",NA,NA,NA,NA,NA,NA,NA,NA,NA,NA,NA,NA,"0.457173030661018","0.0114181356849709","0.242507340844202","0.0597541971212725","0.0125510435449664"
"SF2",NA,NA,NA,NA,NA,NA,NA,NA,NA,NA,NA,NA,NA,"0.696236756726487","0.379586633730646","0.861104084769422","0.326771934156441"
"SF3",NA,NA,NA,NA,NA,NA,NA,NA,NA,NA,NA,NA,NA,NA,"0.153088502422266","0.0545482084435965","0.00739983065453028"
"SM1",NA,NA,NA,NA,NA,NA,NA,NA,NA,NA,NA,NA,NA,NA,NA,"0.505015610130748","0.0195522414049276"
"SM2",NA,NA,NA,NA,NA,NA,NA,NA,NA,NA,NA,NA,NA,NA,NA,NA,"0.120484646601392"
"","PC1","PC2","PC3","PC1+PC2","Total"
"VT01","0.81837","0.08348","0.0412","0.90185","0.94305"
"VT02","0.65107","0.25542","0.03536","0.90649","0.94185"
"VT03","0.61616","0.20969","0.07756","0.82585","0.90341"
"VT04","0.69323","0.18784","0.05026","0.88107","0.93133"
"VT05","0.62733","0.1865","0.07888","0.81383","0.89271"
"VT06","0.6794","0.11972","0.10442","0.79912","0.90354"
"VT07","0.63846","0.1672","0.06839","0.80566","0.87405"
"VT08","0.65821","0.19921","0.06111","0.85742","0.91853"
"VT09","0.74207","0.14482","0.05079","0.88689","0.93768"
"VT10","0.64462","0.16547","0.08707","0.81009","0.89716"
"VT11","0.72559","0.13483","0.06295","0.86042","0.92337"
"VT12","0.75273","0.18772","0.02782","0.94045","0.96827"
"SF1","0.64781","0.21206","0.07578","0.85987","0.93565"
"SF2","0.63233","0.21377","0.07773","0.8461","0.92383"
"SF3","0.66312","0.26499","0.03723","0.92811","0.96534"
"SM1","0.77448","0.09476","0.07463","0.86924","0.94387"
"SM2","0.64847","0.2331","0.07061","0.88157","0.95218"
"SM3","0.62801","0.27432","0.07452","0.90233","0.97685"
